real_project,p_typo,typosquat,namesquat,harmful,mal_code_file
requests,drequests,True,False,True,__init__.py
requests,sgrequests,True,False,True,sgrequests_test.py
pip,rip,True,False,True,test_api_request_builder.py
docutils,ccutils,True,False,True,BaseConfigLine.py
docutils,gcutils,True,False,True,formal.py
rsa,bsa,True,False,True,test_zone_parser.py
oauthlib,moauthlib,True,False,True,base.py
click,nclick,True,False,True,cv.py
pyjwt,pyrwt,True,False,True,wavelets.py
coverage,coverart,True,False,True,__init__.py
boto,goto,True,False,True,useragents.py
boto,doto,True,False,True,domain.py
ipaddress,pyaddress,True,False,True,dstk.py
ipython,upython,True,False,True,pyboard.py
nbformat,sdformat,True,False,True,browser_controller.py
gunicorn,funicorn,True,False,True,mqueue.py
py4j,pymj,True,False,True,__init__.py
psycopg2,psycopg2da,True,False,True,types_extras.py
mako,mano,True,False,True,__version__.py
babel,bazel,True,False,True,setup.py
nltk,pltk,True,False,True,limit.py
dnspython,zpspython,True,False,True,setup.py
greenlet,greent,True,False,True,oxo.py
pycrypto,pycryptopp,True,False,True,_version.py
ply,iply,True,False,True,externip.py
selenium,sylenium,True,False,True,test_selenium_grid_endpoint.py
bs4,bsa,True,False,True,test_zone_parser.py
bs4,bss,True,False,True,dfcio.py
toolz,tools,True,False,True,user_agent.py
lockfile,logfile,True,False,True,bdist_wininst.py
blobfile,logfile,True,False,True,bdist_wininst.py
sh,msh,True,False,True,autoWrite.py
sh,sg,True,False,True,conftest.py
sh,sm,True,False,True,sm.py
scp,ncp,True,False,True,app.py
scp,qcp,True,False,True,qcp.py
pip-tools,pyiptools,True,False,True,ip6.py
moto,goto,True,False,True,useragents.py
moto,doto,True,False,True,domain.py
apscheduler,aschedule,True,False,True,setup.py
shap,shaw,True,False,True,parser.py
uamqp,amqp,True,False,True,conf.py
pystan,pystun,True,False,True,test_cli.py
pystan,pyscan,True,False,True,pyscan.py
pystache,pystack,True,False,True,dns.py
pystache,pystacia,True,False,True,func.py
rx,rp,True,False,True,TestOSC.py
pkgconfig,logconfig,True,False,True,__init__.py
poyo,pogo,True,False,True,file_lister.py
pygam,pygal,True,False,True,__about__.py
pygam,pygcam,True,False,True,gui_plugin.py
cloudant,cloudns,True,False,True,user.py
extras,extra,True,False,True,setup.py
setuptools,nbsetuptools,True,False,False,
urllib3,urllib5,True,False,False,
botocore,bitcore,True,False,False,
botocore,kotocore,True,False,False,
botocore,bonecore,True,False,False,
requests,rerequests,True,False,False,
requests,requestx,True,False,False,
requests,byrequests,True,False,False,
requests,arequests,True,False,False,
requests,curequests,True,False,False,
requests,qrequest,True,False,False,
requests,trequests,True,False,False,
requests,requestry,True,False,False,
requests,requests5,True,False,False,
requests,vrequest,True,False,False,
python-dateutil,pythondateutil,True,False,False,
idna,dna,True,False,False,
pip,p2p,True,False,False,
pip,pin,True,False,False,
pip,ppp,True,False,False,
pip,pir,True,False,False,
pip,pi3,True,False,False,
pip,pyp,True,False,False,
pip,pipa,True,False,False,
pip,plip,True,False,False,
pip,pimp,True,False,False,
pip,pipo,True,False,False,
pip,piep,True,False,False,
pip,ptp,True,False,False,
pip,pbp,True,False,False,
pip,kip,True,False,False,
pip,p4p,True,False,False,
pip,bip,True,False,False,
pip,pis,True,False,False,
pip,yip,True,False,False,
pip,uip,True,False,False,
pip,pi,True,False,False,
pip,pipp,True,False,False,
pip,pxp,True,False,False,
pip,pig,True,False,False,
pip,pit,True,False,False,
pip,lip,True,False,False,
pip,pvp,True,False,False,
docutils,danutils,True,False,False,
docutils,decutils,True,False,False,
docutils,dautils,True,False,False,
docutils,robutils,True,False,False,
docutils,dpyutils,True,False,False,
docutils,oputils,True,False,False,
docutils,ipcutils,True,False,False,
docutils,dtutils,True,False,False,
docutils,dt-utils,True,False,False,
docutils,cwcutils,True,False,False,
docutils,dj-utils,True,False,False,
docutils,botutils,True,False,False,
docutils,dr-utils,True,False,False,
docutils,tecutils,True,False,False,
docutils,ncutils,True,False,False,
docutils,ioutils,True,False,False,
docutils,ocutils,True,False,False,
docutils,outils,True,False,False,
docutils,arcutils,True,False,False,
docutils,jobutils,True,False,False,
docutils,dl_utils,True,False,False,
docutils,dutils,True,False,False,
docutils,dox-utils,True,False,False,
docutils,btcutils,True,False,False,
docutils,dfutils,True,False,False,
docutils,dsgutils,True,False,False,
docutils,dhlutils,True,False,False,
docutils,dockutil,True,False,False,
docutils,logutils,True,False,False,
docutils,dz-utils,True,False,False,
pyyaml,pyyaxml,True,False,False,
pyyaml,pyhaml,True,False,False,
jmespath,jmespand,True,False,False,
rsa,msa,True,False,False,
rsa,rsq,True,False,False,
rsa,prsa,True,False,False,
rsa,osa,True,False,False,
rsa,rsl,True,False,False,
rsa,rosa,True,False,False,
rsa,isa,True,False,False,
rsa,rta,True,False,False,
rsa,gsa,True,False,False,
rsa,ra,True,False,False,
rsa,rss,True,False,False,
rsa,dsa,True,False,False,
rsa,rst,True,False,False,
boto3,botor,True,False,False,
boto3,botox,True,False,False,
numpy,numty,True,False,False,
numpy,lumpy,True,False,False,
numpy,snumpy,True,False,False,
numpy,numpi,True,False,False,
numpy,gnumpy,True,False,False,
numpy,bumpy,True,False,False,
numpy,numpyx,True,False,False,
numpy,dumpy,True,False,False,
numpy,gumpy,True,False,False,
numpy,pumpy,True,False,False,
pytz,pytb,True,False,False,
pytz,pyth,True,False,False,
pytz,pitz,True,False,False,
pytz,pytg,True,False,False,
pytz,pytv,True,False,False,
pytz,pyta,True,False,False,
pytz,pytf,True,False,False,
pytz,mytz,True,False,False,
pytz,pytp,True,False,False,
pytz,pytm,True,False,False,
pytz,pyzz,True,False,False,
colorama,colorname,True,False,False,
colorama,logorama,True,False,False,
colorama,coloradd,True,False,False,
jinja2,jinja,True,False,False,
jinja2,ninja2,True,False,False,
protobuf,protobluff,True,False,False,
protobuf,protobufp,True,False,False,
protobuf,protodf,True,False,False,
protobuf,protobuf3,True,False,False,
protobuf,pyprotobuf,True,False,False,
oauthlib,athlib,True,False,False,
requests-oauthlib,requestsoauthlib,True,False,False,
importlib-metadata,importlibmetadata,True,False,False,
zipp,mipp,True,False,False,
zipp,zippo,True,False,False,
zipp,zippy,True,False,False,
zipp,zipa,True,False,False,
zipp,pipp,True,False,False,
click,flick,True,False,False,
click,clack,True,False,False,
attrs,attrz,True,False,False,
pyparsing,cpyparsing,True,False,False,
pyparsing,djparsing,True,False,False,
pandas,xpandas,True,False,False,
pandas,pandas3,True,False,False,
pandas,panda,True,False,False,
pandas,fpandas,True,False,False,
pandas,panddas,True,False,False,
pycparser,pyparse,True,False,False,
pycparser,pyparser,True,False,False,
pycparser,popparser,True,False,False,
pycparser,pyjsparser,True,False,False,
pycparser,podparser,True,False,False,
pycparser,pssparser,True,False,False,
pycparser,pyauparser,True,False,False,
decorator,decorate,True,False,False,
decorator,decorated,True,False,False,
google-auth,googleoauth,True,False,False,
google-auth,googleauth,True,False,False,
google-auth,google-oauth,True,False,False,
google-auth,googlereauth,True,False,False,
scipy,shipy,True,False,False,
scipy,scripy,True,False,False,
scipy,sdipy,True,False,False,
scipy,cipy,True,False,False,
scipy,sc4py,True,False,False,
scipy,scpy,True,False,False,
scipy,swipy,True,False,False,
scipy,scipp,True,False,False,
pyasn1-modules,pyasn1modules,True,False,False,
jsonschema,json_schema,True,False,False,
jsonschema,jsonldschema,True,False,False,
pygments,pymets,True,False,False,
pygments,pyevents,True,False,False,
pygments,pygenes,True,False,False,
pygments,pyagents,True,False,False,
pygments,pygamentos,True,False,False,
py,dy,True,False,False,
py,ry,True,False,False,
py,pyp,True,False,False,
py,pd,True,False,False,
py,ay,True,False,False,
py,pyi,True,False,False,
py,pk,True,False,False,
py,py1,True,False,False,
py,pv,True,False,False,
py,p1,True,False,False,
py,pyy,True,False,False,
py,p4,True,False,False,
py,qpy,True,False,False,
py,pye,True,False,False,
py,fy,True,False,False,
py,pys,True,False,False,
py,spy,True,False,False,
py,pc,True,False,False,
py,ypy,True,False,False,
py,p,True,False,False,
py,apy,True,False,False,
py,p3,True,False,False,
py,pf,True,False,False,
py,pyk,True,False,False,
py,pi,True,False,False,
py,pyj,True,False,False,
py,vpy,True,False,False,
py,py2,True,False,False,
py,upy,True,False,False,
py,wpy,True,False,False,
py,vy,True,False,False,
py,pyf,True,False,False,
py,py3,True,False,False,
py,pyr,True,False,False,
py,my,True,False,False,
py,pg,True,False,False,
py,px,True,False,False,
py,ly,True,False,False,
google-api-core,googleapicore,True,False,False,
psutil,tsutil,True,False,False,
psutil,vsutil,True,False,False,
psutil,pvutil,True,False,False,
psutil,osutil,True,False,False,
pyjwt,pypwt,True,False,False,
pyjwt,pyjwe,True,False,False,
pytest,pyttest,True,False,False,
pytest,p-test,True,False,False,
pytest,py.test,True,False,False,
pytest,mytest,True,False,False,
pytest,spytest,True,False,False,
pytest,pitest,True,False,False,
pillow,willow,True,False,False,
more-itertools,moreitertools,True,False,False,
websocket-client,websocketclient,True,False,False,
websocket-client,websocket-client2,True,False,False,
pluggy,plugpy,True,False,False,
google-cloud-storage,googlecloudstorage,True,False,False,
msrest,mstest,True,False,False,
googleapis-common-protos,googleapiscommonprotos,True,False,False,
wrapt,wrap2,True,False,False,
wrapt,rapt,True,False,False,
sqlalchemy,qtalchemy,True,False,False,
sqlalchemy,etlalchemy,True,False,False,
sqlalchemy,mqlalchemy,True,False,False,
sqlalchemy,nosqlalchemy,True,False,False,
flask,glask,True,False,False,
flask,elask,True,False,False,
flask,flash,True,False,False,
flask,flast,True,False,False,
flask,flisk,True,False,False,
flask,slask,True,False,False,
flask,mlask,True,False,False,
flask,flaskr,True,False,False,
flask,jflask,True,False,False,
flask,flasky,True,False,False,
flask,flapsk,True,False,False,
google-resumable-media,googleresumablemedia,True,False,False,
entrypoints,entrypoint,True,False,False,
redis,vredis,True,False,False,
redis,mredis,True,False,False,
redis,medis,True,False,False,
redis,ledis,True,False,False,
redis,vedis,True,False,False,
tqdm,tsdm,True,False,False,
tqdm,ptqdm,True,False,False,
pexpect,aexpect,True,False,False,
pexpect,fexpect,True,False,False,
tornado,tornadio,True,False,False,
tornado,qtornado,True,False,False,
tornado,toronado,True,False,False,
defusedxml,defusedyaml,True,False,False,
defusedxml,defusedyml,True,False,False,
ptyprocess,t_process,True,False,False,
simplejson,simplescn,True,False,False,
simplejson,simpleubjson,True,False,False,
simplejson,simplepso,True,False,False,
prometheus-client,prometheusclient,True,False,False,
boto,boko,True,False,False,
boto,oto,True,False,False,
boto,botf,True,False,False,
boto,botor,True,False,False,
boto,iboto,True,False,False,
boto,koto,True,False,False,
boto,botox,True,False,False,
boto,both,True,False,False,
prompt-toolkit,prompt-tool-kit,True,False,False,
prompt-toolkit,prompttoolkit,True,False,False,
tensorflow,sensorflow,True,False,False,
tensorflow,tensorplot,True,False,False,
tensorflow,tensornow,True,False,False,
tensorflow,tensorflowio,True,False,False,
tensorflow,tensorflowjs,True,False,False,
ipaddress,address,True,False,False,
ipaddress,jmaddress,True,False,False,
ipaddress,usaddress,True,False,False,
ipaddress,ipaddresses,True,False,False,
ipaddress,bitaddress,True,False,False,
google-auth-oauthlib,googleauthoauthlib,True,False,False,
ipython,vipython,True,False,False,
ipython,fpython,True,False,False,
ipython,gpython,True,False,False,
ipython,mpython,True,False,False,
scikit-learn,scikitlearn,True,False,False,
uritemplate,aitemplate,True,False,False,
uritemplate,uritemplatepy,True,False,False,
google-cloud-core,googlecloudcore,True,False,False,
traitlets,straitlets,True,False,False,
ipython-genutils,ipythongenutils,True,False,False,
matplotlib,yaplotlib,True,False,False,
matplotlib,mapsplotlib,True,False,False,
matplotlib,danplotlib,True,False,False,
tabulate,tabulapy,True,False,False,
tabulate,tabular,True,False,False,
tabulate,tabula,True,False,False,
tensorflow-estimator,tensorflowestimator,True,False,False,
virtualenv,ezvirtualenv,True,False,False,
virtualenv,rvirtualenv,True,False,False,
virtualenv,virtualenv2,True,False,False,
lxml,lxxl,True,False,False,
lxml,lsml,True,False,False,
lxml,gxml,True,False,False,
lxml,exml,True,False,False,
lxml,ixml,True,False,False,
pyopenssl,pyopenbsd,True,False,False,
pyzmq,pyczmq,True,False,False,
pyzmq,pyzmp,True,False,False,
configparser,config-pyrser,True,False,False,
pycodestyle,codestyle,True,False,False,
toml,tbml,True,False,False,
toml,tomd,True,False,False,
toml,tml,True,False,False,
toml,tool,True,False,False,
toml,toil,True,False,False,
toml,tome,True,False,False,
filelock,livelock,True,False,False,
filelock,killlock,True,False,False,
docker,docklr,True,False,False,
docker,locker,True,False,False,
docker,dock-r,True,False,False,
docker,djocker,True,False,False,
docker,tocker,True,False,False,
psycopg2-binary,psycopg2binary,True,False,False,
google-auth-httplib2,googleauthhttplib2,True,False,False,
nbformat,k-format,True,False,False,
nbformat,pformat,True,False,False,
nbformat,rformat,True,False,False,
nbformat,reformat,True,False,False,
nbformat,format,True,False,False,
nbformat,dformat,True,False,False,
google-cloud-bigquery,googlecloudbigquery,True,False,False,
gunicorn,unicorm,True,False,False,
gunicorn,djgunicorn,True,False,False,
regex,regexf,True,False,False,
regex,regexp,True,False,False,
bcrypt,jcrypt,True,False,False,
bcrypt,ncrypt,True,False,False,
bcrypt,vcrypt,True,False,False,
bcrypt,ccrypt,True,False,False,
mock,monk,True,False,False,
mock,rock,True,False,False,
mock,moc,True,False,False,
mock,mocka,True,False,False,
mock,nock,True,False,False,
mock,mocki,True,False,False,
mock,vmock,True,False,False,
mock,mocs,True,False,False,
mock,muck,True,False,False,
mock,mocky,True,False,False,
mock,qmock,True,False,False,
pynacl,pyacl,True,False,False,
pynacl,pynaco,True,False,False,
pynacl,pynac,True,False,False,
azure-storage-blob,azurestorageblob,True,False,False,
azure-common,azurecommon,True,False,False,
typed-ast,typedast,True,False,False,
typed-ast,typecast,True,False,False,
jupyter-client,jupyterclient,True,False,False,
nbconvert,ctconvert,True,False,False,
nbconvert,bgconvert,True,False,False,
nbconvert,mdconvert,True,False,False,
nbconvert,negconvert,True,False,False,
nbconvert,heconvert,True,False,False,
nbconvert,convert,True,False,False,
testpath,testpad,True,False,False,
testpath,testpack,True,False,False,
testpath,testmath,True,False,False,
testpath,test-math,True,False,False,
testpath,astpath,True,False,False,
testpath,testmath2,True,False,False,
testpath,testpay,True,False,False,
notebook,notework,True,False,False,
notebook,noteblog,True,False,False,
notebook,vpnotebook,True,False,False,
notebook,nosebook,True,False,False,
notebook,notetool,True,False,False,
terminado,terminator,True,False,False,
terminado,terminal,True,False,False,
paramiko,paramikope,True,False,False,
absl-py,abslpy,True,False,False,
pyflakes,pyfaces,True,False,False,
pyflakes,pyflare,True,False,False,
pyflakes,pyfaker,True,False,False,
pyflakes,pylates,True,False,False,
pyflakes,pyflags,True,False,False,
pyflakes,pyflakes3k,True,False,False,
flake8,iflake8,True,False,False,
flake8,flaker,True,False,False,
cycler,cycle,True,False,False,
ujson,bjson,True,False,False,
ujson,ejson,True,False,False,
ujson,ojson,True,False,False,
ujson,rjson,True,False,False,
ujson,pjson,True,False,False,
ujson,mjson,True,False,False,
pbr,pbd,True,False,False,
pbr,pir,True,False,False,
pbr,pbp,True,False,False,
pbr,pkr,True,False,False,
pbr,pbs,True,False,False,
pbr,cbr,True,False,False,
pbr,pmr,True,False,False,
pbr,pnr,True,False,False,
pbr,pbl,True,False,False,
pbr,pwr,True,False,False,
pbr,pyr,True,False,False,
pbr,br,True,False,False,
markdown,cmarkdown,True,False,False,
markdown,mgmarkdown,True,False,False,
markdown,pymarkdown,True,False,False,
markdown,markdoc,True,False,False,
markdown,markdownpp,True,False,False,
markdown,mashdown,True,False,False,
gitpython,vipython,True,False,False,
gitpython,gat-python,True,False,False,
gitpython,datpython,True,False,False,
gitpython,gpython,True,False,False,
azure-devops,azuredevops,True,False,False,
tensorflow-metadata,tensorflowmetadata,True,False,False,
argparse,rparse,True,False,False,
argparse,blargparse,True,False,False,
argparse,dargparse,True,False,False,
argparse,dsargparse,True,False,False,
argparse,argparse2,True,False,False,
argparse,jargparse,True,False,False,
argparse,argparseui,True,False,False,
argparse,gxargparse,True,False,False,
argparse,sargeparse,True,False,False,
argparse,apiparse,True,False,False,
argparse,irrparse,True,False,False,
argparse,cvargparse,True,False,False,
lazy-object-proxy,lazyobjectproxy,True,False,False,
sqlparse,mqlparser,True,False,False,
sqlparse,psqlparse,True,False,False,
sqlparse,splparser,True,False,False,
smart-open,smartopen,True,False,False,
termcolor,termcolor2,True,False,False,
termcolor,termcolors,True,False,False,
termcolor,xtermcolor,True,False,False,
termcolor,tarocolor,True,False,False,
typing,xtyping,True,False,False,
qtconsole,kpconsole,True,False,False,
qtconsole,htconsole,True,False,False,
qtconsole,nconsole,True,False,False,
qtconsole,fbconsole,True,False,False,
qtconsole,bzconsole,True,False,False,
jupyter-console,jupyterconsole,True,False,False,
typing-extensions,typingextensions,True,False,False,
smmap,cmmap,True,False,False,
smmap,smap,True,False,False,
qtpy,qetpy,True,False,False,
qtpy,qpy,True,False,False,
qtpy,atpy,True,False,False,
qtpy,qt.py,True,False,False,
isort,tsort,True,False,False,
h5py,hapy,True,False,False,
h5py,hypy,True,False,False,
h5py,h3py,True,False,False,
h5py,hppy,True,False,False,
py4j,py4s,True,False,False,
py4j,pyj,True,False,False,
multidict,multidiff,True,False,False,
multidict,multidoc,True,False,False,
tensorflow-serving-api,tensorflowservingapi,True,False,False,
tensorflow-transform,tensorflowtransform,True,False,False,
google-cloud-logging,googlecloudlogging,True,False,False,
oauth2client,oauthclient,True,False,False,
gitdb,gitnb,True,False,False,
gitdb,gitdh,True,False,False,
gitdb,getdb,True,False,False,
azure-core,azurecore,True,False,False,
azure-core,azuremlcore,True,False,False,
tfx-bsl,tfxbsl,True,False,False,
adal,kadal,True,False,False,
adal,dal,True,False,False,
requests-toolbelt,requeststoolbelt,True,False,False,
dill,dila,True,False,False,
psycopg2,psycopgda,True,False,False,
pymongo,ipymongo,True,False,False,
pymongo,ppmongo,True,False,False,
pymongo,cymongo,True,False,False,
pymongo,pymono,True,False,False,
mako,mak,True,False,False,
mako,pako,True,False,False,
mako,maro,True,False,False,
mako,hmako,True,False,False,
mako,mayo,True,False,False,
mako,maki,True,False,False,
mako,tako,True,False,False,
mako,makuo,True,False,False,
mako,mapo,True,False,False,
jedi,edi,True,False,False,
jedi,tedi,True,False,False,
jedi,nedi,True,False,False,
jedi,jeni,True,False,False,
jedi,gedi,True,False,False,
jedi,jadi,True,False,False,
pathlib2,patalib,True,False,False,
pathlib2,pathlims,True,False,False,
pathlib2,athlib,True,False,False,
networkx,network,True,False,False,
networkx,networkml,True,False,False,
networkx,networks,True,False,False,
networkx,networkl,True,False,False,
networkx,tnetwork,True,False,False,
distro,distry,True,False,False,
distro,distri,True,False,False,
parso,parst,True,False,False,
msgpack,umsgpack,True,False,False,
importlib-resources,importlibresources,True,False,False,
pytest-cov,pytest-doc,True,False,False,
pytest-cov,pytestcsv,True,False,False,
pytest-cov,pytest-poo,True,False,False,
pytest-cov,pytest-oot,True,False,False,
pytest-cov,pytestcov,True,False,False,
cython,rython,True,False,False,
cython,cwthon,True,False,False,
cython,qython,True,False,False,
pandas-gbq,pandas-bj,True,False,False,
pandas-gbq,pandasgbq,True,False,False,
gast,gist,True,False,False,
gast,gust,True,False,False,
gast,gasp,True,False,False,
gast,iast,True,False,False,
gast,cast,True,False,False,
gast,gst,True,False,False,
gast,gas,True,False,False,
gast,gant,True,False,False,
gast,gash,True,False,False,
gast,gatt,True,False,False,
pydata-google-auth,pydatagoogleauth,True,False,False,
tensorflow-data-validation,tensorflowdatavalidation,True,False,False,
tensorflow-model-analysis,tensorflowmodelanalysis,True,False,False,
pylint,pylist,True,False,False,
pylint,pyrint,True,False,False,
pylint,pyling,True,False,False,
backports-abc,backportsabc,True,False,False,
backports-abc,backports_abc,True,False,False,
atomicwrites,atomicwrite,True,False,False,
keras-preprocessing,keraspreprocessing,True,False,False,
django,tjango,True,False,False,
django,djangox,True,False,False,
django,xdjango,True,False,False,
django,djangoq,True,False,False,
django,djangy,True,False,False,
django,dj-ango,True,False,False,
django,tdjango,True,False,False,
django,dojango,True,False,False,
django,ajango,True,False,False,
python-editor,pythoneditor,True,False,False,
babel,babex,True,False,False,
babel,label,True,False,False,
babel,bayel,True,False,False,
babel,bagel,True,False,False,
yarl,yajl,True,False,False,
yarl,yard,True,False,False,
yarl,yaul,True,False,False,
yarl,yarb,True,False,False,
yarl,yaro,True,False,False,
yarl,earl,True,False,False,
yarl,yarp,True,False,False,
yarl,carl,True,False,False,
yarl,yaxl,True,False,False,
yarl,yapl,True,False,False,
aiohttp,aio.http,True,False,False,
ordereddict,cyordereddict,True,False,False,
azure-storage-common,azurestoragecommon,True,False,False,
pymysql,pymysql2,True,False,False,
async-timeout,asynctimeout,True,False,False,
nltk,mltk,True,False,False,
nltk,jnltk,True,False,False,
nltk,nlpk,True,False,False,
nltk,dltk,True,False,False,
nltk,altk,True,False,False,
nltk,lltk,True,False,False,
dnspython,dyn-python,True,False,False,
dnspython,bspython,True,False,False,
dnspython,dtwpython,True,False,False,
dnspython,dwapython,True,False,False,
dnspython,datpython,True,False,False,
dnspython,nspython,True,False,False,
dnspython,ns1python,True,False,False,
dnspython,dcpython,True,False,False,
dnspython,ans-python,True,False,False,
dnspython,dbuspython,True,False,False,
ruamel-yaml,ruamelyaml,True,False,False,
google-pasta,googlepasta,True,False,False,
xmltodict,xmldict,True,False,False,
xmltodict,xml2dict,True,False,False,
keras-applications,kerasapplications,True,False,False,
datadog,datadoc,True,False,False,
datadog,datahog,True,False,False,
greenlet,greenev,True,False,False,
greenlet,greennet,True,False,False,
greenlet,greenet,True,False,False,
greenlet,greenart,True,False,False,
greenlet,greentea,True,False,False,
ruamel-yaml-clib,ruamelyamlclib,True,False,False,
xlsxwriter,xls-writer,True,False,False,
xlsxwriter,cpxlsxwriter,True,False,False,
elasticsearch,elasticsearch10,True,False,False,
elasticsearch,elasticsearch1,True,False,False,
elasticsearch,elasticsearch9,True,False,False,
elasticsearch,elasticsearch8,True,False,False,
databricks-cli,databrickscli,True,False,False,
s3fs,s3ts,True,False,False,
pytest-runner,pytestrunner,True,False,False,
astor,aster,True,False,False,
pycrypto,pyscrypt,True,False,False,
pycrypto,pycryptoms,True,False,False,
pycrypto,sscrypto,True,False,False,
pycrypto,fcrypto,True,False,False,
pycrypto,recrypto,True,False,False,
pycrypto,pycryptokg,True,False,False,
pycrypto,pkcrypt,True,False,False,
pycrypto,xscrypto,True,False,False,
pycrypto,xcrypto,True,False,False,
pycrypto,pybcrypt,True,False,False,
pycrypto,ezcrypto,True,False,False,
websockets,esockets,True,False,False,
websockets,djwebsockets,True,False,False,
websockets,websocket,True,False,False,
websockets,uwebsockets,True,False,False,
mypy,mcpy,True,False,False,
mypy,rypy,True,False,False,
mypy,mypc,True,False,False,
mypy,mmpy,True,False,False,
mypy,cypy,True,False,False,
mypy,typy,True,False,False,
mypy,hypy,True,False,False,
mypy,mdpy,True,False,False,
mypy,ypy,True,False,False,
mypy,mvpy,True,False,False,
mypy,mypi,True,False,False,
mypy,myppy,True,False,False,
mypy,mipy,True,False,False,
mypy,mspy,True,False,False,
cached-property,cachedproperty,True,False,False,
jsonpickle,jsonpickler,True,False,False,
azure-nspkg,azurenspkg,True,False,False,
gevent,getent,True,False,False,
gevent,event,True,False,False,
black,blck,True,False,False,
black,slack,True,False,False,
black,clack,True,False,False,
black,block,True,False,False,
text-unidecode,textunidecode,True,False,False,
oscrypto,sscrypto,True,False,False,
oscrypto,fcrypto,True,False,False,
oscrypto,recrypto,True,False,False,
oscrypto,xscrypto,True,False,False,
oscrypto,xcrypto,True,False,False,
oscrypto,ezcrypto,True,False,False,
et-xmlfile,etxmlfile,True,False,False,
et-xmlfile,et_xmlfile,True,False,False,
plotly,mplotly,True,False,False,
sentry-sdk,sentrysdk,True,False,False,
sentry-sdk,centrysdk,True,False,False,
ply,plyr,True,False,False,
ply,pls,True,False,False,
ply,plc,True,False,False,
ply,plyj,True,False,False,
ply,mly,True,False,False,
ply,pll,True,False,False,
ply,pyy,True,False,False,
ply,oply,True,False,False,
ply,play,True,False,False,
ply,plz,True,False,False,
ply,ly,True,False,False,
selenium,netlenium,True,False,False,
selenium,sgselenium,True,False,False,
selenium,seleniumpm,True,False,False,
selenium,selenic,True,False,False,
bs4,bsg,True,False,False,
bs4,bsv,True,False,False,
bs4,bsc,True,False,False,
bs4,b64,True,False,False,
opt-einsum,opteinsum,True,False,False,
snowflake-connector-python,snowflakeconnectorpython,True,False,False,
mypy-extensions,mypyextensions,True,False,False,
nose,jose,True,False,False,
nose,nosk,True,False,False,
nose,nosy,True,False,False,
nose,noise,True,False,False,
nose,note,True,False,False,
nose,rose,True,False,False,
nose,hose,True,False,False,
nose,fose,True,False,False,
nose,nope,True,False,False,
toolz,tool,True,False,False,
toolz,rtoolz,True,False,False,
setuptools-scm,setuptoolsscm,True,False,False,
setuptools-scm,setuptools-ci,True,False,False,
python-dotenv,pythondotenv,True,False,False,
unidecode,dmidecode,True,False,False,
ijson,bjson,True,False,False,
ijson,ejson,True,False,False,
ijson,injson,True,False,False,
ijson,ojson,True,False,False,
ijson,rjson,True,False,False,
ijson,pjson,True,False,False,
ijson,mjson,True,False,False,
amqp,zamqp,True,False,False,
amqp,amp,True,False,False,
html5lib,htmlib,True,False,False,
azure-mgmt-resource,azuremgmtresource,True,False,False,
querystring-parser,querystringparser,True,False,False,
sklearn,klearn,True,False,False,
sklearn,fklearn,True,False,False,
mlflow,mflow,True,False,False,
mlflow,dlflow,True,False,False,
thrift,thriftr,True,False,False,
functools32,functoolsex,True,False,False,
functools32,functools,True,True,False,
keras,keres,True,False,False,
keras,keris,True,False,False,
secretstorage,secret-storage,True,False,False,
opencv-python,openbci-python,True,False,False,
opencv-python,opencc-python,True,False,False,
opencv-python,opencvpython,True,False,False,
readme-renderer,readmerenderer,True,False,False,
djangorestframework,django-restframework,True,False,False,
djangorestframework,django-rest-framework,True,False,False,
mozlog,mlzlog,True,False,False,
lockfile,log-file,True,False,False,
lockfile,zclockfile,True,False,False,
lockfile,yglockfile,True,False,False,
lockfile,lnkfile,True,False,False,
imagesize,imgsize,True,False,False,
imagesize,imagelite,True,False,False,
alabaster,allabaster,True,False,False,
mozrunner,mcrunner,True,False,False,
mozrunner,comrunner,True,False,False,
gorilla,gorille,True,False,False,
gorilla,gorella,True,False,False,
gorilla,gorillaz,True,False,False,
arrow,harrow,True,False,False,
virtualenv-clone,virtualenvclone,True,False,False,
graphviz,graphmin,True,False,False,
graphviz,graphit,True,False,False,
graphviz,graphlib,True,False,False,
graphviz,graphgit,True,False,False,
google-cloud-pubsub,googlecloudpubsub,True,False,False,
python-jose,python-eos,True,False,False,
python-jose,python-fse,True,False,False,
python-jose,python-node,True,False,False,
python-jose,pythonjose,True,False,False,
python-jose,python-wise,True,False,False,
python-jose,python-qosf,True,False,False,
shapely,sharely,True,False,False,
tox,tex,True,False,False,
tox,ctox,True,False,False,
tox,tow,True,False,False,
tox,to,True,False,False,
tox,fox,True,False,False,
tox,mox,True,False,False,
tox,tx,True,False,False,
tox,tor,True,False,False,
tox,toc,True,False,False,
tox,tlx,True,False,False,
tox,ox,True,False,False,
tox,tbox,True,False,False,
tox,tod,True,False,False,
pytest-mock,pytestmock,True,False,False,
pytest-mock,pytest-doc,True,False,False,
pytest-mock,pytest-moto,True,False,False,
azure-mgmt-storage,azuremgmtstorage,True,False,False,
vine,vins,True,False,False,
vine,vane,True,False,False,
vine,vipe,True,False,False,
vine,sine,True,False,False,
vine,line,True,False,False,
vine,vibe,True,False,False,
pipenv,phpenv,True,False,False,
pipenv,pi-env,True,False,False,
ua-parser,og-parser,True,False,False,
ua-parser,harparser,True,False,False,
ua-parser,nagparser,True,False,False,
ua-parser,k-parser,True,False,False,
ua-parser,u2parser,True,False,False,
ua-parser,akparser,True,False,False,
prometheus-flask-exporter,prometheusflaskexporter,True,False,False,
watchdog,watch-do,True,False,False,
python-levenshtein,pythonlevenshtein,True,False,False,
inflection,inflation,True,False,False,
inflection,inflexion,True,False,False,
flask-sqlalchemy,flasksqlalchemy,True,False,False,
pytest-forked,pytestforked,True,False,False,
tensorboard-plugin-wit,tensorboardpluginwit,True,False,False,
faker,baker,True,False,False,
faker,faber,True,False,False,
faker,fake,True,False,False,
faker,fakes,True,False,False,
faker,flaker,True,False,False,
faker,aker,True,False,False,
faker,fakery,True,False,False,
faker,maker,True,False,False,
seaborn,iseaborn,True,False,False,
dask,cask,True,False,False,
dask,rask,True,False,False,
dask,dosk,True,False,False,
asgiref,wsgiref,True,True,False,
patsy,pansy,True,False,False,
iso8601,iso-8601,True,False,False,
flask-cors,flaskcors,True,False,False,
flask-cors,flask-orm,True,False,False,
flask-cors,flask-docs,True,False,False,
pytzdata,pymudata,True,False,False,
discord-py,discordpy,True,False,False,
imageio,cimageio,True,False,False,
responses,responsys,True,False,False,
responses,aresponses,True,False,False,
scikit-image,scikitimage,True,False,False,
jsonpointer,json_pointer,True,False,False,
kafka-python,kafkapython,True,False,False,
pygsheets,pysheets,True,False,False,
pytest-xdist,pytestxdist,True,False,False,
python-http-client,pythonhttpclient,True,False,False,
azure-datalake-store,azuredatalakestore,True,False,False,
pathtools,papitools,True,False,False,
pathtools,passtools,True,False,False,
pathtools,pithytools,True,False,False,
pathtools,mathtools,True,False,False,
pathtools,patools,True,False,False,
pathtools,datetools,True,False,False,
pathtools,patchtools,True,False,False,
colorlog,colorlogs,True,False,False,
colorlog,colorlab,True,False,False,
hvac,hmac,True,True,False,
torch,vtorch,True,False,False,
torch,worch,True,False,False,
torch,ctorch,True,False,False,
torch,torc,True,False,False,
texttable,testtable,True,False,False,
texttable,texttables,True,False,False,
sendgrid,pysendgrid,True,False,False,
sendgrid,ledgrid,True,False,False,
apache-beam,apachebeam,True,False,False,
bottle,rbottle,True,False,False,
deprecated,deprecator,True,False,False,
sphinxcontrib-serializinghtml,sphinxcontribserializinghtml,True,False,False,
sphinxcontrib-htmlhelp,sphinxcontribhtmlhelp,True,False,False,
sphinxcontrib-applehelp,sphinxcontribapplehelp,True,False,False,
sphinxcontrib-devhelp,sphinxcontribdevhelp,True,False,False,
sphinxcontrib-qthelp,sphinxcontribqthelp,True,False,False,
configobj,configo,True,False,False,
configobj,confobj,True,False,False,
configobj,configdb,True,False,False,
blinker,slinker,True,False,False,
blinker,linker,True,False,False,
blinker,blinder,True,False,False,
docker-pycreds,dockerpycreds,True,False,False,
jsonpatch,pjsonpath,True,False,False,
jsonpatch,jsonmatch,True,False,False,
blobfile,blogofile,True,False,False,
pysftp,pysfp,True,False,False,
pysftp,psftp,True,False,False,
azure-mgmt-containerregistry,azuremgmtcontainerregistry,True,False,False,
sphinxcontrib-jsmath,sphinxcontribjsmath,True,False,False,
wtforms,wtform,True,False,False,
twisted,twistes,True,False,False,
twisted,twister,True,False,False,
twisted,gtwisted,True,False,False,
backports-weakref,backportsweakref,True,False,False,
azure-storage-queue,azurestoragequeue,True,False,False,
avro-python3,avropython3,True,False,False,
mysql-connector-python,mysqlconnectorpython,True,False,False,
zope-event,zopeevent,True,False,False,
ndg-httpsclient,ndghttpsclient,True,False,False,
statsd,stats,True,False,False,
statsd,gstatsd,True,False,False,
azure-mgmt-network,azuremgmtnetwork,True,False,False,
azure-mgmt-keyvault,azuremgmtkeyvault,True,False,False,
croniter,chroniker,True,False,False,
croniter,cronner,True,False,False,
croniter,cronitor,True,False,False,
deepdiff,deepify,True,False,False,
deepdiff,deepdict,True,False,False,
deepdiff,deepdist,True,False,False,
deepdiff,pydeepdiff,True,False,False,
python-magic,pythonmagic,True,False,False,
retry,retryp,True,False,False,
retry,retpy,True,False,False,
retry,retryd,True,False,False,
automat,automata,True,False,False,
automat,auromat,True,False,False,
automat,automa,True,False,False,
azure-mgmt-nspkg,azuremgmtnspkg,True,False,False,
constantly,constants,True,False,False,
hyperlink,hyperlite,True,False,False,
django-cors-headers,djangocorsheaders,True,False,False,
numba,rumba,True,False,False,
google-cloud-datastore,googleclouddatastore,True,False,False,
idna-ssl,idnassl,True,False,False,
mozprocess,oocprocess,True,False,False,
mozprocess,mockprocess,True,False,False,
python-json-logger,pythonjsonlogger,True,False,False,
python-json-logger,python-jsonlogger,True,False,False,
python-json-logger,pythonjson-logger,True,False,False,
msal,mmal,True,False,False,
msal,msa,True,False,False,
msal,myal,True,False,False,
msal,sal,True,False,False,
msal,msql,True,False,False,
msal,meal,True,False,False,
msal,msat,True,False,False,
jsondiff,jsondiff2,True,False,False,
jsondiff,jsondict,True,False,False,
prettytable,lprettytable,True,False,False,
pyproj,pypro,True,False,False,
pyproj,pyprob,True,False,False,
pyproj,pyprop,True,False,False,
tblib,wblib,True,False,False,
tblib,fblib,True,False,False,
tblib,tflib,True,False,False,
tblib,tmlib,True,False,False,
tblib,talib,True,False,False,
tblib,tdlib,True,False,False,
geoip2,geoip,True,False,False,
geoip2,getip2,True,False,False,
azure-mgmt-compute,azuremgmtcompute,True,False,False,
nodeenv,noseenv,True,False,False,
pydot,pydoo,True,False,False,
pydot,pydot3,True,False,False,
pydot,pydoe,True,False,False,
pydot,pywot,True,False,False,
pydot,pydom,True,False,False,
pydot,pydots,True,False,False,
pydot,pydon,True,False,False,
pydot,pydht,True,False,False,
identify,midentify,True,False,False,
identify,eventify,True,False,False,
identify,entify,True,False,False,
identify,pydentify,True,False,False,
identify,identi,True,False,False,
pypandoc,py-pandoc,True,False,False,
pypandoc,pypandas,True,False,False,
pypandoc,pyopendoc,True,False,False,
pypandoc,pypardot,True,False,False,
pypandoc,pyandor,True,False,False,
pypandoc,pyandoc,True,False,False,
python-daemon,pythondaemon,True,False,False,
azure-keyvault,azurekeyvault,True,False,False,
azure-mgmt-authorization,azuremgmtauthorization,True,False,False,
pre-commit,precommit,True,False,False,
flask-wtf,flask-spf,True,False,False,
flask-wtf,flaskjwt,True,False,False,
flask-wtf,flaskwtf,True,False,False,
flask-wtf,flask-ws,True,False,False,
flask-wtf,flask-wat,True,False,False,
pyglet,piglet,True,False,False,
pyglet,pyplet,True,False,False,
pyglet,peglet,True,False,False,
azure-graphrbac,azuregraphrbac,True,False,False,
docker-compose,docker-compost,True,False,False,
docker-compose,dockercompose,True,False,False,
service-identity,serviceidentity,True,False,False,
geopy,gpopy,True,False,False,
geopy,neopy,True,False,False,
geopy,goopy,True,False,False,
geopy,geospy,True,False,False,
geopy,gempy,True,False,False,
geopy,geops,True,False,False,
geopy,glopy,True,False,False,
python-slugify,pythonslugify,True,False,False,
sphinx-rtd-theme,sphinxrtdtheme,True,False,False,
gspread,spread,True,False,False,
gspread,gspreed,True,False,False,
google-cloud,googlecloud,True,False,False,
zope-deprecation,zopedeprecation,True,False,False,
pyserial,fserial,True,False,False,
pyserial,serial,True,False,False,
uwsgi,ewsgi,True,False,False,
uwsgi,awsgi,True,False,False,
sh,fh,True,False,False,
sh,sq,True,False,False,
sh,smh,True,False,False,
sh,zh,True,False,False,
sh,ash,True,False,False,
sh,jh,True,False,False,
sh,dh,True,False,False,
sh,qsh,True,False,False,
sh,csh,True,False,False,
sh,oh,True,False,False,
sh,wh,True,False,False,
sh,sl,True,False,False,
sh,ksh,True,False,False,
sh,shw,True,False,False,
sh,ss,True,False,False,
sh,s6,True,False,False,
sh,st,True,False,False,
sh,ush,True,False,False,
sh,h,True,False,False,
sh,sw,True,False,False,
sh,lsh,True,False,False,
sh,shh,True,False,False,
sh,hsh,True,False,False,
sh,si,True,False,False,
sh,shy,True,False,False,
sh,sp,True,False,False,
sh,sr,True,False,False,
sh,uh,True,False,False,
sh,sv,True,False,False,
aws-xray-sdk,awsxraysdk,True,False,False,
dockerpty,dockerpy,True,False,False,
pydantic,dydantic,True,False,False,
pydantic,pylastic,True,False,False,
lz4,z4,True,False,False,
lz4,lz4a,True,False,False,
azure-cosmosdb-table,azurecosmosdbtable,True,False,False,
elasticsearch-dsl,elasticsearch8-dsl,True,False,False,
elasticsearch-dsl,elasticsearch1-dsl,True,False,False,
elasticsearch-dsl,elasticsearch9-dsl,True,False,False,
elasticsearch-dsl,elasticsearchdsl,True,False,False,
elasticsearch-dsl,elasticsearch1dsl,True,False,False,
elasticsearch-dsl,elasticsearch10-dsl,True,False,False,
scp,jcp,True,False,False,
scp,sco,True,False,False,
scp,sc2,True,False,False,
scp,svp,True,False,False,
scp,acp,True,False,False,
scp,scw,True,False,False,
scp,spp,True,False,False,
scp,sup,True,False,False,
scp,kcp,True,False,False,
scp,sct,True,False,False,
scp,snp,True,False,False,
scp,scm,True,False,False,
scp,ccp,True,False,False,
scp,sca,True,False,False,
scp,ssp,True,False,False,
scp,smcp,True,False,False,
scp,vcp,True,False,False,
scp,scpy,True,False,False,
scp,scrp,True,False,False,
scp,smp,True,False,False,
scp,sp,True,False,False,
scp,scb,True,False,False,
scp,syp,True,False,False,
scp,mcp,True,False,False,
grpcio-tools,grpciotools,True,False,False,
grpcio-tools,grpc-tools,True,False,False,
pyaml,paml,True,False,False,
pyaml,eyaml,True,False,False,
pyaml,pyam,True,False,False,
pyaml,pyacl,True,False,False,
pyaml,pyhaml,True,False,False,
pyaml,pyrml,True,False,False,
pyaml,byaml,True,False,False,
pyaml,pyfml,True,False,False,
pyaml,pya2l,True,False,False,
pyaml,pyamf,True,False,False,
pyaml,pycml,True,False,False,
pyaml,pytml,True,False,False,
pyaml,pyamp,True,False,False,
pyaml,xyaml,True,False,False,
pyaml,pyams,True,False,False,
s3cmd,skcmd,True,False,False,
s3cmd,shcmd,True,False,False,
msal-extensions,msalextensions,True,False,False,
django-filter,django-files,True,False,False,
django-filter,django-silver,True,False,False,
django-filter,djangofiler,True,False,False,
django-filter,djangofilter,True,False,False,
django-filter,djangofilters,True,False,False,
django-filter,django-viter,True,False,False,
requests-file,requestsfile,True,False,False,
azure-batch,azurebatch,True,False,False,
google-cloud-bigtable,googlecloudbigtable,True,False,False,
aws-sam-translator,awssamtranslator,True,False,False,
google-gax,googlegax,True,False,False,
pycurl,pycurlb,True,False,False,
pycurl,pycurly,True,False,False,
pycurl,mycurl,True,False,False,
pycurl,pycure,True,False,False,
user-agents,useragent,True,False,False,
user-agents,useragents,True,False,False,
azure-cosmosdb-nspkg,azurecosmosdbnspkg,True,False,False,
pathlib,patalib,True,False,False,
pathlib,athlib,True,False,False,
pytest-timeout,pytesttimeout,True,False,False,
sentencepiece,tfsentencepiece,True,False,False,
pika,pipa,True,False,False,
pika,puka,True,False,False,
pika,peka,True,False,False,
pika,pikka,True,False,False,
pika,picka,True,False,False,
pika,pida,True,False,False,
simple-salesforce,simplesalesforce,True,False,False,
raven,ramen,True,False,False,
raven,ravn,True,False,False,
raven,ravenc,True,False,False,
raven,haven,True,False,False,
holidays,holiday,True,False,False,
mmh3,mmh,True,False,False,
django-extensions,djangoextensions,True,False,False,
influxdb,influxer,True,False,False,
munch,lunch,True,False,False,
munch,punch,True,False,False,
semantic-version,semanticversion,True,False,False,
sqlalchemy-utils,sqlalchemyutils,True,False,False,
junit-xml,junitxml,True,False,False,
gym,gpym,True,False,False,
gym,gum,True,False,False,
gym,gem,True,False,False,
gym,gdm,True,False,False,
gym,gymz,True,False,False,
gym,gnm,True,False,False,
gym,gfm,True,False,False,
gym,gsm,True,False,False,
gym,gmm,True,False,False,
gym,gyt,True,False,False,
gym,gym3,True,False,False,
gym,gcm,True,False,False,
gym,tgym,True,False,False,
google-apitools,googleapitools,True,False,False,
pysocks,pylocks,True,False,False,
pysocks,pysocks5,True,False,False,
python3-openid,python3openid,True,False,False,
python3-openid,pythonopenid,True,False,False,
flask-login,flasklogin,True,False,False,
flask-login,flask-logging,True,False,False,
flask-login,flask-r-login,True,False,False,
configargparse,confargparse,True,False,False,
configargparse,configargparser,True,False,False,
configargparse,config-argparse,True,False,False,
azure-kusto-data,azurekustodata,True,False,False,
sympy,svmpy,True,False,False,
sympy,stmpy,True,False,False,
sympy,dympy,True,False,False,
sympy,smpy,True,False,False,
sympy,sdmpy,True,False,False,
sympy,sempy,True,False,False,
sympy,sompy,True,False,False,
sympy,sqmpy,True,False,False,
h11,h1,True,False,False,
distributed,distributex,True,False,False,
distributed,distributio,True,False,False,
distributed,distribute,True,False,False,
datetime,datemike,True,False,False,
datetime,t_datetime,True,False,False,
invoke,invoker,True,False,False,
twine,twins,True,False,False,
twine,twinge,True,False,False,
twine,swine,True,False,False,
twine,twone,True,False,False,
pip-tools,fipy-tools,True,False,False,
pip-tools,sio-tools,True,False,False,
pip-tools,miptools,True,False,False,
pip-tools,p3d-tools,True,False,False,
pip-tools,papitools,True,False,False,
pip-tools,piptool,True,False,False,
pip-tools,pyup-tools,True,False,False,
pip-tools,ziptools,True,False,False,
pip-tools,piptools,True,False,False,
pip-tools,ii-tools,True,False,False,
pip-tools,fin-tools,True,False,False,
pip-tools,pypi-tools,True,False,False,
pip-tools,bi-tools,True,False,False,
pip-tools,pe-tools,True,False,False,
pip-tools,py-tools,True,False,False,
azure-mgmt-sql,azuremgmtsql,True,False,False,
moto,mogo,True,False,False,
moto,oto,True,False,False,
moto,mito,True,False,False,
moto,momo,True,False,False,
moto,koto,True,False,False,
moto,muto,True,False,False,
moto,moth,True,False,False,
requests-aws4auth,requestsaws4auth,True,False,False,
tomlkit,toolkit,True,False,False,
cerberus,cerberos,True,False,False,
hdfs,hfs,True,False,False,
pycountry,ip2country,True,False,False,
pycountry,pycounters,True,False,False,
azure-mgmt-rdbms,azuremgmtrdbms,True,False,False,
humanize,humansize,True,False,False,
webob,webb,True,False,False,
heapdict,headit,True,False,False,
heapdict,deepdict,True,False,False,
jellyfish,jellyfin,True,False,False,
jellyfish,yelljfish,True,False,False,
spacy,space,True,False,False,
spacy,spicy,True,False,False,
spacy,spack,True,False,False,
google-cloud-spanner,googlecloudspanner,True,False,False,
jira,jia,True,False,False,
jira,pjira,True,False,False,
jira,jdra,True,False,False,
jpype1,jpypex,True,False,False,
zict,xict,True,False,False,
zict,zikt,True,False,False,
django-storages,djangostorages,True,False,False,
django-storages,django-gstorage,True,False,False,
django-storages,django-stories,True,False,False,
pygithub,kpygithub,True,False,False,
pygithub,pybothub,True,False,False,
pygithub,pygithub33,True,False,False,
pygithub,pybithumb,True,False,False,
pygithub,pygithub3,True,False,False,
pygithub,mygithub,True,False,False,
pygithub,wp2github,True,False,False,
pygithub,py_github3,True,False,False,
flask-restful,flaskrestful,True,False,False,
azure-mgmt-batch,azuremgmtbatch,True,False,False,
ipdb,rpdb,True,False,False,
ipdb,ispdb,True,False,False,
ipdb,ibdb,True,False,False,
ipdb,npdb,True,False,False,
ipdb,ipnb,True,False,False,
ipdb,indb,True,False,False,
ipdb,ipd,True,False,False,
fire,fibre,True,False,False,
fire,ffire,True,False,False,
fire,five,True,False,False,
fire,fyre,True,False,False,
fire,tire,True,False,False,
fire,gire,True,False,False,
azure-mgmt-web,azuremgmtweb,True,False,False,
yamllint,yamline,True,False,False,
azure-mgmt-monitor,azuremgmtmonitor,True,False,False,
python-pam,python-gcm,True,False,False,
python-pam,python-at,True,False,False,
python-pam,python-olm,True,False,False,
python-pam,python-vim,True,False,False,
python-pam,python-apm,True,False,False,
python-pam,python-pit,True,False,False,
python-pam,python-iam,True,False,False,
python-pam,python-wax,True,False,False,
python-pam,python-cim,True,False,False,
python-pam,python-pid,True,False,False,
python-pam,python-pcl,True,False,False,
python-pam,python-saml,True,False,False,
python-pam,pythonpam,True,False,False,
python-pam,python-zpar,True,False,False,
uvloop,evloop,True,False,False,
requests-mock,requestsmock,True,False,False,
azure-mgmt-devtestlabs,azuremgmtdevtestlabs,True,False,False,
factory-boy,factoryboy,True,False,False,
azure-mgmt-cosmosdb,azuremgmtcosmosdb,True,False,False,
azure-storage,azurestorage,True,False,False,
azure-servicebus,azureservicebus,True,False,False,
strict-rfc3339,strictrfc3339,True,False,False,
pox,poo,True,False,False,
pox,pow,True,False,False,
pox,fox,True,False,False,
pox,ptx,True,False,False,
pox,mox,True,False,False,
pox,pod,True,False,False,
pox,ox,True,False,False,
pox,px,True,False,False,
pox,pog,True,False,False,
marshmallow-sqlalchemy,marshmallowsqlalchemy,True,False,False,
antlr4-python3-runtime,antlr4python3runtime,True,False,False,
antlr4-python3-runtime,antlr4-python2-runtime,True,False,False,
murmurhash,murmurhash3,True,False,False,
cymem,cimem,True,False,False,
azure-mgmt-iothub,azuremgmtiothub,True,False,False,
azure-mgmt-containerservice,azuremgmtcontainerservice,True,False,False,
python-utils,pythonutils,True,False,False,
python-utils,python3-utils,True,False,False,
marshmallow-enum,marshmallowenum,True,False,False,
torchvision,torchfusion,True,False,False,
progressbar2,progressbar33,True,False,False,
progressbar2,progress_bar,True,False,False,
progressbar2,zprogressbar,True,False,False,
progressbar2,progressbar231,True,False,False,
pytest-metadata,pytestmetadata,True,False,False,
email-validator,emailvalidator,True,False,False,
plac,plc,True,False,False,
plac,plan,True,False,False,
plac,pyac,True,False,False,
plac,play,True,False,False,
plac,prac,True,False,False,
plac,plsc,True,False,False,
plac,plat,True,False,False,
argh,argv,True,False,False,
argh,argp,True,False,False,
google-cloud-firestore,googlecloudfirestore,True,False,False,
pytest-html,pytesthtml,True,False,False,
pyperclip,pypyclip,True,False,False,
pyperclip,pypecli,True,False,False,
pyperclip,pypiclip,True,False,False,
ppft,ppvt,True,False,False,
ppft,ppxt,True,False,False,
dateparser,ditaparser,True,False,False,
dateparser,aleparser,True,False,False,
ratelimit,rratelimit,True,False,False,
ratelimit,pyratelimit,True,False,False,
pytest-django,pytestdjango,True,False,False,
deprecation,deprecator,True,False,False,
pypika,pyprika,True,False,False,
pypika,xpypika,True,False,False,
click-plugins,clickplugins,True,False,False,
cx-oracle,cxoracle,True,False,False,
blis,bls,True,False,False,
blis,blist,True,False,False,
blis,clis,True,False,False,
blis,blns,True,False,False,
apscheduler,rqscheduler,True,False,False,
apscheduler,tgscheduler,True,False,False,
apscheduler,pyscheduler,True,False,False,
azure-identity,azureidentity,True,False,False,
zeep,zeek,True,False,False,
zeep,peep,True,False,False,
waitress,witness,True,False,False,
waitress,waitredis,True,False,False,
azure-storage-nspkg,azurestoragenspkg,True,False,False,
avro,aero,True,False,False,
httptools,heptools,True,False,False,
httptools,dtt-tools,True,False,False,
sphinxcontrib-websupport,sphinxcontribwebsupport,True,False,False,
numexpr,numexpr3,True,False,False,
stripe,striped,True,False,False,
google-cloud-monitoring,googlecloudmonitoring,True,False,False,
azure-mgmt-cdn,azuremgmtcdn,True,False,False,
parse,rparse,True,False,False,
parse,purse,True,False,False,
parse,parst,True,False,False,
parse,oparse,True,False,False,
parse,parsem,True,False,False,
parse,vparse,True,False,False,
lunardate,pylunardate,True,False,False,
itypes,stypes,True,False,False,
itypes,xtypes,True,False,False,
tifffile,tiffile,True,False,False,
azure-mgmt-loganalytics,azuremgmtloganalytics,True,False,False,
scikit-build,scikitbuild,True,False,False,
azure-cli-core,azureclicore,True,False,False,
apispec,pispec,True,False,False,
grpcio-gcp,grpciogcp,True,False,False,
semver,semvar,True,False,False,
shap,shapy,True,False,False,
shap,sham,True,False,False,
shap,shape,True,False,False,
shap,sha3,True,False,False,
shap,srap,True,False,False,
shap,smap,True,False,False,
shap,sha1,True,False,False,
shap,shad,True,False,False,
shap,ship,True,False,False,
knack,knock,True,False,False,
redis-py-cluster,redispycluster,True,False,False,
azure-mgmt-media,azuremgmtmedia,True,False,False,
pillow-simd,pillowsimd,True,False,False,
coreschema,zopeschema,True,False,False,
graphql-core,grapher-core,True,False,False,
graphql-core,graphqlcore,True,False,False,
uamqp,zamqp,True,False,False,
imbalanced-learn,imbalancedlearn,True,False,False,
azureml-core,azuremlcore,True,False,False,
azureml-core,azureclicore,True,False,False,
authlib,athlib,True,False,False,
xlwt,lwt,True,False,False,
aenum,renum,True,False,False,
aenum,yaenum,True,False,False,
python-gnupg,pythongnupg,True,False,False,
supervisor,simpervisor,True,False,False,
supervisor,supervisorc,True,False,False,
coloredlogs,colorlogs,True,False,False,
expiringdict,expiringpdict,True,False,False,
backports-tempfile,backportstempfile,True,False,False,
flask-babel,flaskbabel,True,False,False,
azure-mgmt-dns,azuremgmtdns,True,False,False,
fabric,fabrik,True,False,False,
fabric,cabric,True,False,False,
azure-cosmos,azurecosmos,True,False,False,
django-debug-toolbar,djangodebugtoolbar,True,False,False,
azure-kusto-ingest,azurekustoingest,True,False,False,
pystan,pystat,True,False,False,
pystan,pystar,True,False,False,
pystan,pystae,True,False,False,
google,googl,True,False,False,
cleo,cle,True,False,False,
cleo,clio,True,False,False,
cleo,clex,True,False,False,
cleo,clee,True,False,False,
flask-jwt-extended,flaskjwtextended,True,False,False,
twilio,gwilio,True,False,False,
twilio,twilix,True,False,False,
azure-mgmt-redis,azuremgmtredis,True,False,False,
pylev,pylev2,True,False,False,
pylev,pyles,True,False,False,
azure-mgmt-iotcentral,azuremgmtiotcentral,True,False,False,
cognite-sdk,cognitesdk,True,False,False,
parameterized,parameterize,True,False,False,
parameterized,parametrized,True,False,False,
azure-mgmt-containerinstance,azuremgmtcontainerinstance,True,False,False,
flask-migrate,flaskmigrate,True,False,False,
flask-caching,flaskcaching,True,False,False,
flask-admin,flaskadmin,True,False,False,
azure-mgmt-trafficmanager,azuremgmttrafficmanager,True,False,False,
cachy,pachy,True,False,False,
cachy,cache,True,False,False,
cachy,catchy,True,False,False,
pypdf2,pypdfy,True,False,False,
commonmark,recommonmark,True,False,False,
h2,hu,True,False,False,
h2,hf2,True,False,False,
h2,t2,True,False,False,
h2,hs,True,False,False,
h2,hd,True,False,False,
h2,hv,True,False,False,
h2,v2,True,False,False,
h2,hw,True,False,False,
h2,h,True,False,False,
h2,h5,True,False,False,
h2,h1,True,False,False,
h2,hn,True,False,False,
h2,hr,True,False,False,
azure-mgmt-cognitiveservices,azuremgmtcognitiveservices,True,False,False,
hpack,jpack,True,False,False,
hpack,npack,True,False,False,
hpack,hipack,True,False,False,
hpack,fpack,True,False,False,
hpack,mpack,True,False,False,
hpack,qpack,True,False,False,
hpack,spack,True,False,False,
hpack,hgpack,True,False,False,
hpack,upack,True,False,False,
hpack,ppack,True,False,False,
msgpack-python,umsgpackpython,True,False,False,
msgpack-python,msgpackpython,True,False,False,
wandb,windb,True,False,False,
wandb,mandb,True,False,False,
async-generator,asyncgenerator,True,False,False,
mysql-connector,mysqlconnector,True,False,False,
google-cloud-vision,googlecloudvision,True,False,False,
confluent-kafka,confluentkafka,True,False,False,
python-crontab,pythoncrontab,True,False,False,
azure-mgmt-eventhub,azuremgmteventhub,True,False,False,
aiofiles,allfiles,True,False,False,
aiofiles,aiopipes,True,False,False,
unittest2,unittester,True,False,False,
unittest2,unittest,True,True,False,
pycalverter,pycamverter,True,False,False,
sasl,saml,True,False,False,
sasl,sail,True,False,False,
sasl,sass,True,False,False,
sasl,ssl,True,True,False,
sasl,sal,True,False,False,
sasl,sasm,True,False,False,
sasl,rasl,True,False,False,
sasl,sas,True,False,False,
findspark,dbndspark,True,False,False,
intel-openmp,intelopenmp,True,False,False,
traceback2,xtraceback,True,False,False,
mkl,kl,True,False,False,
mkl,mkla,True,False,False,
mkl,mgl,True,False,False,
mkl,mk,True,False,False,
mkl,fkl,True,False,False,
mkl,mks,True,False,False,
mkl,mfl,True,False,False,
mkl,mml,True,False,False,
mkl,mkn,True,False,False,
python-jenkins,pythonjenkins,True,False,False,
eventlet,eventlite,True,False,False,
eventlet,eventer,True,False,False,
eventlet,evently,True,False,False,
eventlet,eventlib,True,False,False,
eventlet,eventlog,True,False,False,
eventlet,eventflit,True,False,False,
eventlet,eventbot,True,False,False,
yapf,yawf,True,False,False,
yapf,mapf,True,False,False,
yapf,yap,True,False,False,
yapf,yanf,True,False,False,
yapf,yaff,True,False,False,
yapf,yapl,True,False,False,
azure-mgmt-applicationinsights,azuremgmtapplicationinsights,True,False,False,
django-redis,django-media,True,False,False,
django-redis,djangoredis,True,False,False,
django-redis,django-radius,True,False,False,
django-redis,django-remix,True,False,False,
cognite-model-hosting,cognitemodelhosting,True,False,False,
h2o,n2o,True,False,False,
feedparser,speedparser,True,False,False,
pystache,stache,True,False,False,
pystache,pymstache,True,False,False,
pystache,pyfscache,True,False,False,
pystache,postcache,True,False,False,
pystache,mustache,True,False,False,
pystache,pystate,True,False,False,
pystache,pystachio,True,False,False,
pystache,pystae,True,False,False,
pystache,pystash,True,False,False,
pystache,pyspace,True,False,False,
azure-mgmt-datafactory,azuremgmtdatafactory,True,False,False,
azure-mgmt-search,azuremgmtsearch,True,False,False,
azure-mgmt-servicebus,azuremgmtservicebus,True,False,False,
azure-mgmt-marketplaceordering,azuremgmtmarketplaceordering,True,False,False,
python-consul,pythonconsul,True,False,False,
python-consul,python-consume,True,False,False,
terminaltables,terminal-table,True,False,False,
multi-key-dict,multi_key_dict,True,False,False,
multi-key-dict,multikeydict,True,False,False,
rx,ri,True,False,False,
rx,ry,True,False,False,
rx,rb,True,False,False,
rx,rc,True,False,False,
rx,ux,True,False,False,
rx,rfx,True,False,False,
rx,ru,True,False,False,
rx,nx,True,False,False,
rx,rux,True,False,False,
rx,drx,True,False,False,
rx,tx,True,False,False,
rx,0x,True,False,False,
rx,rw,True,False,False,
rx,ex,True,False,False,
rx,lx,True,False,False,
rx,ra,True,False,False,
rx,ox,True,False,False,
rx,px,True,False,False,
rx,r3,True,False,False,
rx,urx,True,False,False,
rx,arx,True,False,False,
flask-appbuilder,flaskappbuilder,True,False,False,
josepy,joseph,True,False,False,
azure-mgmt-eventgrid,azuremgmteventgrid,True,False,False,
python-mimeparse,pythonmimeparse,True,False,False,
structlog,structlib,True,False,False,
thrift-sasl,thriftsasl,True,False,False,
slacker,slackr,True,False,False,
azure-mgmt-recoveryservicesbackup,azuremgmtrecoveryservicesbackup,True,False,False,
uptime,uptide,True,False,False,
azure-mgmt-recoveryservices,azuremgmtrecoveryservices,True,False,False,
pygobject,svgobject,True,False,False,
azure-mgmt-iothubprovisioningservices,azuremgmtiothubprovisioningservices,True,False,False,
azure-mgmt-reservations,azuremgmtreservations,True,False,False,
azure-mgmt-servicefabric,azuremgmtservicefabric,True,False,False,
azure-mgmt-msi,azuremgmtmsi,True,False,False,
azure-mgmt-advisor,azuremgmtadvisor,True,False,False,
azure-mgmt-batchai,azuremgmtbatchai,True,False,False,
azure-mgmt-billing,azuremgmtbilling,True,False,False,
acme,cme,True,False,False,
azure-mgmt-consumption,azuremgmtconsumption,True,False,False,
zope-component,zopecomponent,True,False,False,
azure-mgmt-relay,azuremgmtrelay,True,False,False,
tensorflow-gpu,tensorflowcpu,True,False,False,
ntlm-auth,ntlmauth,True,False,False,
azure-loganalytics,azureloganalytics,True,False,False,
mpmath,mymath,True,False,False,
mpmath,pmath,True,False,False,
pytest-rerunfailures,pytestrerunfailures,True,False,False,
setuptools-git,setuptoolsgit,True,False,False,
setuptools-git,setuptools-ci,True,False,False,
partd,part2,True,False,False,
azure-storage-file,azurestoragefile,True,False,False,
py-bcrypt,pyscrypt,True,False,False,
py-bcrypt,pydecrypt,True,False,False,
py-bcrypt,pybcrypt,True,False,False,
pytest-asyncio,pytestasyncio,True,False,False,
databricks-api,databricks-pypi,True,False,False,
databricks-api,databricksdbapi,True,False,False,
databricks-api,databrickspypi,True,False,False,
google-cloud-language,googlecloudlanguage,True,False,False,
apache-airflow,apacheairflow,True,False,False,
zope-proxy,zopeproxy,True,False,False,
zope-hookable,zopehookable,True,False,False,
ml-metadata,mlmetadata,True,False,False,
zope-deferredimport,zopedeferredimport,True,False,False,
pytest-shard,pytestshard,True,False,False,
cmudict,cmddict,True,False,False,
cmudict,cmdict,True,False,False,
locket,locker,True,False,False,
locket,pocket,True,False,False,
locket,lockex,True,False,False,
validators,validador,True,False,False,
validators,pyvalidators,True,False,False,
validators,validations,True,False,False,
validators,validater,True,False,False,
fbprophet,pmprophet,True,False,False,
uvicorn,uvicore,True,False,False,
google-cloud-videointelligence,googlecloudvideointelligence,True,False,False,
azure-mgmt-managementgroups,azuremgmtmanagementgroups,True,False,False,
korean-lunar-calendar,koreanlunarcalendar,True,False,False,
hyperopt,hyperjet,True,False,False,
hyperopt,hyperkit,True,False,False,
hyperopt,hieropt,True,False,False,
hyperopt,hypebot,True,False,False,
hyperopt,typeopt,True,False,False,
dicttoxml,dicttool,True,False,False,
jinja2-time,jinja2time,True,False,False,
requests-futures,requestsfutures,True,False,False,
pkgconfig,bgconfig,True,False,False,
pkgconfig,okconfig,True,False,False,
pkgconfig,py-config,True,False,False,
pkgconfig,jgconfig,True,False,False,
compound-word-splitter,compoundwordsplitter,True,False,False,
azure-mgmt-policyinsights,azuremgmtpolicyinsights,True,False,False,
poyo,poo,True,False,False,
poyo,pomo,True,False,False,
poyo,proyo,True,False,False,
poyo,polo,True,False,False,
poyo,pyyo,True,False,False,
typing-inspect,typinginspect,True,False,False,
azure-mgmt-signalr,azuremgmtsignalr,True,False,False,
gapic-google-cloud-logging-v2,grpc-google-cloud-logging-v2,True,False,False,
azure-mgmt-datamigration,azuremgmtdatamigration,True,False,False,
scikit-optimize,scikitoptimize,True,False,False,
dj-database-url,djdatabaseurl,True,False,False,
clickhouse-driver,clickhousedriver,True,False,False,
urltools,umitools,True,False,False,
urltools,crftools,True,False,False,
urltools,daltools,True,False,False,
urltools,mltools,True,False,False,
urltools,retools,True,False,False,
urltools,jrstools,True,False,False,
urltools,dsltools,True,False,False,
urltools,uvitools,True,False,False,
urltools,grstools,True,False,False,
urltools,dltools,True,False,False,
urltools,cltools,True,False,False,
urltools,ulstools,True,False,False,
urltools,tltools,True,False,False,
urltools,qrtools,True,False,False,
urltools,utiltools,True,False,False,
urltools,srctools,True,False,False,
urltools,upctools,True,False,False,
urltools,irtools,True,False,False,
urltools,brtools,True,False,False,
urltools,uritool,True,False,False,
urltools,saltools,True,False,False,
urltools,rltools,True,False,False,
azure-mgmt-maps,azuremgmtmaps,True,False,False,
mongoengine,mangoengine,True,False,False,
bitarray,fitsarray,True,False,False,
bitarray,bittray,True,False,False,
awscli-cwlogs,awsclicwlogs,True,False,False,
repoze-lru,repozelru,True,False,False,
python-augeas,pythonaugeas,True,False,False,
azure-servicemanagement-legacy,azureservicemanagementlegacy,True,False,False,
flask-swagger,flask-swaggerui,True,False,False,
flask-swagger,flaskswagger,True,False,False,
flask-swagger,flask-dswagger,True,False,False,
launcher,rancher,True,False,False,
launcher,qllauncher,True,False,False,
launcher,launch,True,False,False,
launcher,launchr,True,False,False,
flower,flozer,True,False,False,
flower,flowser,True,False,False,
cmd2,cmds,True,False,False,
cmd2,cmd3,True,False,False,
cmd2,cmdq,True,False,False,
cmd2,cmdr,True,False,False,
cliff,cdiff,True,False,False,
cliff,clifi,True,False,False,
requests-ntlm,requestsntlm,True,False,False,
geopandas,espandas,True,False,False,
flask-openid,flaskopenid,True,False,False,
azure-servicefabric,azureservicefabric,True,False,False,
google-cloud-kms,googlecloudkms,True,False,False,
tablib,ta-lib,True,False,False,
tablib,fablib,True,False,False,
tablib,talib,True,False,False,
pyelftools,pycltools,True,False,False,
pyelftools,pygltools,True,False,False,
debtcollector,webcollector,True,False,False,
asyncio,asynco,True,False,False,
certbot-apache,certbotapache,True,False,False,
tensorflow-hub,tensorflowhub,True,False,False,
pycares,pycards,True,False,False,
jupyterlab,jupyterlsp,True,False,False,
django-appconf,django-appcore,True,False,False,
django-appconf,djangoappconf,True,False,False,
oslo-i18n,osloi18n,True,False,False,
python-crfsuite,pythoncrfsuite,True,False,False,
azure-cli-nspkg,azureclinspkg,True,False,False,
html2text,ehtml2text,True,False,False,
html2text,rhtml2text,True,False,False,
azure-mgmt-logic,azuremgmtlogic,True,False,False,
json-merge-patch,jsonmergepatch,True,False,False,
azure-mgmt,azuremgmt,True,False,False,
altair,alnair,True,False,False,
starlette,charlette,True,False,False,
dogpile-cache,dogpilecache,True,False,False,
certbot-nginx,certbotnginx,True,False,False,
qrcode,qcode,True,False,False,
qrcode,qrcodes,True,False,False,
qrcode,qucode,True,False,False,
tables,tablets,True,False,False,
tables,htables,True,False,False,
tables,tablet,True,False,False,
tables,table,True,False,False,
aspy-yaml,aspyyaml,True,False,False,
toposort,posort,True,False,False,
unittest-xml-reporting,unittestxmlreporting,True,False,False,
azure-mgmt-scheduler,azuremgmtscheduler,True,False,False,
drf-yasg,drfyasg,True,False,False,
ciso8601,pyso8601,True,False,False,
ciso8601,iso-8601,True,False,False,
azure-cli-telemetry,azureclitelemetry,True,False,False,
flask-bcrypt,flaskbcrypt,True,False,False,
falcon,falcone,True,False,False,
falcon,halcon,True,False,False,
flake8-polyfill,flake8polyfill,True,False,False,
azure-eventgrid,azureeventgrid,True,False,False,
graphql-relay,graphqlrelay,True,False,False,
graphene,graphunc,True,False,False,
graphene,graphyne,True,False,False,
graphene,graphenize,True,False,False,
graphene,graphkke,True,False,False,
graphene,graphite,True,False,False,
graphene,grapheno,True,False,False,
bitstring,simstring,True,False,False,
bitstring,isstring,True,False,False,
bitstring,idstring,True,False,False,
webtest,web_test,True,False,False,
suds-jurko,sudsjurko,True,False,False,
jaraco-functools,jaracofunctools,True,False,False,
parse-type,parsetype,True,False,False,
json5,jsonf,True,False,False,
json5,jsone,True,False,False,
json5,jsonl,True,False,False,
json5,jsonm,True,False,False,
pylint-plugin-utils,pylintpluginutils,True,False,False,
tokenizers,tokenizert,True,False,False,
sshtunnel,wstunnel,True,False,False,
oslo-config,osloconfig,True,False,False,
python-memcached,python3memcached,True,False,False,
python-memcached,pythonmemcached,True,False,False,
python-memcached,python3-memcached,True,False,False,
intervaltree,interval_tree,True,False,False,
intervaltree,pyintervaltree,True,False,False,
atlassian-jwt-auth,atlassianjwtauth,True,False,False,
python-box,python-aop,True,False,False,
python-box,pythonbox,True,False,False,
python-box,python-eos,True,False,False,
python-box,python-bps,True,False,False,
python-box,python-rex,True,False,False,
python-box,python-oop,True,False,False,
python-box,python-moo,True,False,False,
python-box,python-yo,True,False,False,
python-box,python-wax,True,False,False,
python-box,python-bond,True,False,False,
python-box,python-exx,True,False,False,
clickhouse-cityhash,clickhousecityhash,True,False,False,
tensorflow-datasets,tensorflowdatasets,True,False,False,
transformers,transforms,True,False,False,
pygam,pyjam,True,False,False,
pygam,pytam,True,False,False,
pygam,pyam,True,False,False,
pygam,pygac,True,False,False,
pygam,pygfm,True,False,False,
pygam,pygvm,True,False,False,
pygam,pynam,True,False,False,
pygam,pygram,True,False,False,
pygam,pyram,True,False,False,
flaky,floky,True,False,False,
flaky,flasky,True,False,False,
altgraph,autograph,True,False,False,
altgraph,lgraph,True,False,False,
altgraph,actigraph,True,False,False,
altgraph,agraph,True,False,False,
altgraph,netgraph,True,False,False,
jupyterlab-server,jupyterlabserver,True,False,False,
azureml-dataprep,azuremldataprep,True,False,False,
w3lib,wblib,True,False,False,
oslo-serialization,osloserialization,True,False,False,
oslo-utils,oplogutils,True,False,False,
oslo-utils,osloutils,True,False,False,
oslo-utils,odoo-utils,True,False,False,
oslo-utils,ilo-utils,True,False,False,
pytest-instafail,pytestinstafail,True,False,False,
azure-eventhub,azureeventhub,True,False,False,
tinycss2,tinycms,True,False,False,
python-snappy,pythonsnappy,True,False,False,
python-snappy,python-snpp,True,False,False,
mathematics-dataset,mathematicsdataset,True,False,False,
django-rest-framework,django-restframework,True,False,False,
pyinstaller,pyinstall,True,False,False,
fusepy,musepy,True,False,False,
cfn-flip,cfnflip,True,False,False,
azure-mgmt-subscription,azuremgmtsubscription,True,False,False,
dpath,edpath,True,False,False,
dpath,dpauth,True,False,False,
dpath,cpath,True,False,False,
dpath,gpath,True,False,False,
azure-mgmt-notificationhubs,azuremgmtnotificationhubs,True,False,False,
functions-framework,functionsframework,True,False,False,
opencensus-context,opencensuscontext,True,False,False,
azure-mgmt-managementpartner,azuremgmtmanagementpartner,True,False,False,
immutables,immutable,True,False,False,
immutables,immutablepy,True,False,False,
google-cloud-dlp,googleclouddlp,True,False,False,
azure-cli,azurecli,True,False,False,
qds-sdk,qdssdk,True,False,False,
pylint-django,pylintdjango,True,False,False,
azureml-dataprep-native,azuremldataprepnative,True,False,False,
s2sphere,isphere,True,False,False,
colorlover,colorlogger,True,False,False,
sqlalchemy-jsonfield,sqlalchemyjsonfield,True,False,False,
pep8-naming,pep8naming,True,False,False,
tfx,tex,True,False,False,
tfx,ffx,True,False,False,
tfx,yfx,True,False,False,
tfx,tff,True,False,False,
tfx,rfx,True,False,False,
tfx,tfd,True,False,False,
tfx,tf,True,False,False,
tfx,ofx,True,False,False,
tfx,ufx,True,False,False,
tfx,tfs,True,False,False,
tfx,tx,True,False,False,
tfx,tfo,True,False,False,
tfx,tlx,True,False,False,
python-ldap,python-ddp,True,False,False,
python-ldap,python-imap,True,False,False,
python-ldap,pythonldap,True,False,False,
python-ldap,python3ldap,True,False,False,
azure-mgmt-commerce,azuremgmtcommerce,True,False,False,
azure-mgmt-powerbiembedded,azuremgmtpowerbiembedded,True,False,False,
azure-mgmt-hanaonazure,azuremgmthanaonazure,True,False,False,
azure-mgmt-machinelearningcompute,azuremgmtmachinelearningcompute,True,False,False,
keystoneauth1,keystoneauth,True,False,False,
django-model-utils,djangomodelutils,True,False,False,
django-model-utils,django-model-urls,True,False,False,
cloudant,cloudapp,True,False,False,
cloudant,cloudantdb,True,False,False,
cloudant,cloudbot,True,False,False,
cloudant,cloudcast,True,False,False,
cloudant,cloudsns,True,False,False,
cloudant,cloudage,True,False,False,
cloudant,clouduct,True,False,False,
paho-mqtt,pahomqtt,True,False,False,
multipledispatch,multipledispatch2,True,False,False,
oyaml,eyaml,True,False,False,
oyaml,byaml,True,False,False,
oyaml,xyaml,True,False,False,
flask-script,flaskscript,True,False,False,
flask-script,flask-stripe,True,False,False,
presto-python-client,prestopythonclient,True,False,False,
coveralls,overalls,True,False,False,
azure-mgmt-core,azuremgmtcore,True,False,False,
django-timezone-field,djangotimezonefield,True,False,False,
mozversion,no-version,True,False,False,
mozversion,miqversion,True,False,False,
mozversion,mf-version,True,False,False,
googlemaps,googlemymaps,True,False,False,
python-gitlab,pythongitlab,True,False,False,
python-gitlab,python-github,True,False,False,
pdfminer-six,pdfminersix,True,False,False,
testtools,disttools,True,False,False,
testtools,tstools,True,False,False,
testtools,texttools,True,False,False,
testtools,ted-tools,True,False,False,
testtools,textools,True,False,False,
testtools,asttools,True,False,False,
testtools,estools,True,False,False,
testtools,test-tools,True,False,False,
scramp,mcramp,True,False,False,
scramp,scram,True,False,False,
python2-secrets,python2secrets,True,False,False,
python2-secrets,pythonsecrets,True,False,False,
couchdb,ouchdb,True,False,False,
azure-mgmt-hdinsight,azuremgmthdinsight,True,False,False,
django-crispy-forms,djangocrispyforms,True,False,False,
extras,extrac,True,False,False,
glob2,globe,True,False,False,
flask-compress,flaskcompress,True,False,False,
flask-compress,flask-compressed,True,False,False,
flask-compress,flask-compressor,True,False,False,
httpx,httpsx,True,False,False,
httpx,http,True,True,False,
usaddress,address,True,False,False,
usaddress,jmaddress,True,False,False,
django-environ,djangoenviron,True,False,False,
pyathena,heyathena,True,False,False,
pmdarima,pydaruma,True,False,False,
imageio-ffmpeg,imageioffmpeg,True,False,False,
schema,schemas,True,False,False,
schema,jschema,True,False,False,
update-checker,updatechecker,True,False,False,
validate-email,validateemail,True,False,False,
pyqt5,pyqtx,True,False,False,
statistics,tstatistics,True,False,False,
statistics,pystatistics,True,False,False,
accumulation-tree,accumulationtree,True,False,False,
tdigest,digest,True,False,False,
pulp,pump,True,False,False,
pulp,pgulp,True,False,False,
pulp,pplp,True,False,False,
pulp,gulp,True,False,False,
contextvars,context-var,True,False,False,
databricks-pypi1,databricks-pypi,True,False,False,
databricks-pypi1,databrickspypi2,True,False,False,
databricks-pypi1,databricks-pypi-1,True,False,False,
databricks-pypi1,databrickspypi1,True,False,False,
databricks-pypi1,databricks-pypi-2,True,False,False,
databricks-pypi1,databricks-pypi2,True,False,False,
databricks-pypi1,databrickspypi,True,False,False,
tfrecord-lite,tfrecordlite,True,False,False,
opencv-contrib-python,opencvcontribpython,True,False,False,
fixtures,fixtures2,True,False,False,
fixtures,mixtures,True,False,False,
pybind11,pybindx,True,False,False,
pybind11,pybind,True,False,False,
pybind11,pybinder,True,False,False,
zc-lockfile,zclockfile,True,False,False,
azure-mgmt-netapp,azuremgmtnetapp,True,False,False,
azure-multiapi-storage,azuremultiapistorage,True,False,False,
whichcraft,witchcraft,True,False,False,
cassandra-driver,cassandradriver,True,False,False,
ruamel-ordereddict,ruamelordereddict,True,False,False,
openapi-spec-validator,openapispecvalidator,True,False,False,
mysql-python,mysqlpython,True,False,False,
os-service-types,osservicetypes,True,False,False,
azureml-telemetry,azuremltelemetry,True,False,False,
azureml-telemetry,azureclitelemetry,True,False,False,
pygame,mygame,True,False,False,
pygame,pygam,True,False,False,
pygame,pyogame,True,False,False,
pygame,pygate,True,False,False,
azure-mgmt-devspaces,azuremgmtdevspaces,True,False,False,
cherrypy,cherrys,True,False,False,
eli5,elih,True,False,False,
eli5,elib,True,False,False,
yq,aq,True,False,False,
yq,sq,True,False,False,
yq,xyq,True,False,False,
yq,lq,True,False,False,
yq,yg,True,False,False,
yq,qq,True,False,False,
yq,dq,True,False,False,
yq,yqt,True,False,False,
yq,gq,True,False,False,
yq,eq,True,False,False,
yq,yr,True,False,False,
yq,q,True,False,False,
yq,cq,True,False,False,
yq,nq,True,False,False,
django-celery-beat,djangocelerybeat,True,False,False,
azure-applicationinsights,azureapplicationinsights,True,False,False,
dparse,mdparse,True,False,False,
dparse,rparse,True,False,False,
dparse,dtparse,True,False,False,
dparse,oparse,True,False,False,
dparse,ndparse,True,False,False,
dparse,vparse,True,False,False,
dparse,dparser,True,False,False,
flake8-docstrings,flake8docstrings,True,False,False,
tempora,tempura,True,False,False,
py-cpuinfo,pycpuinfo,True,False,False,
safety,safet,True,False,False,
soundfile,sndfile,True,False,False,
diff-match-patch,diffmatchpatch,True,False,False,
tweepy,treepy,True,False,False,
tweepy,tweeply,True,False,False,
tweepy,sweepy,True,False,False,
tweepy,tweepi,True,False,False,
cvxopt,cvopt,True,False,False,
pyinotify,rpinotify,True,False,False,
pyinotify,pyplotify,True,False,False,
pyinotify,myonotify,True,False,False,
flask-restplus,flaskrestplus,True,False,False,
aioredis,autoredis,True,False,False,
aioredis,toredis,True,False,False,
aioredis,disredis,True,False,False,
aioredis,waitredis,True,False,False,
aioredis,yatoredis,True,False,False,
